Deal,TVPI
Lumicks,1.048565842
OSPI,1.323876219
Lifen,1.132596309
Matrix(9),2.28461505
Veranex,0.551208965
Verdot,1.663402298
OrganOx,4.7208181
Biolamina,2.16918315
NaturalCycles,2.235042736
Synovo,1.455487127
Caresyntax,0.247040031
Reapplix,1.666728387